[
	{
		"MainColor" : {
			"R" : 255,
			"G" : 255,
			"B" : 255
		},
		"ShadowColor" : {
			"R" : 240,
			"G" : 240,
			"B" : 240
		},
		"TranslationKey" : "color.snr.pitchWhite",
		"Category" : "snr"
	},
	{
		"MainColor" : {
			"R" : 255,
			"G" : 0,
			"B" : 0
		},
		"ShadowColor" : {
			"R" : 178,
			"G" : 0,
			"B" : 0
		},
		"TranslationKey" : "color.snr.pitchRed",
		"Category" : "snr"
	},
	{
		"MainColor" : {
			"R" : 219,
			"G" : 41,
			"B" : 41
		},
		"ShadowColor" : {
			"R" : 255,
			"G" : 255,
			"B" : 255
		},
		"TranslationKey" : "color.snr.xmasRed",
		"Category" : "snr"
	},
	{
		"MainColor" : {
			"R" : 247,
			"G" : 68,
			"B" : 23
		},
		"ShadowColor" : {
			"R" : 155,
			"G" : 46,
			"B" : 15
		},
		"TranslationKey" : "color.snr.signalOrange",
		"Category" : "snr"
	},
	{
		"MainColor" : {
			"R" : 255,
			"G" : 164,
			"B" : 119
		},
		"ShadowColor" : {
			"R" : 238,
			"G" : 128,
			"B" : 100
		},
		"TranslationKey" : "color.snr.peach",
		"Category" : "snr"
	},
	{
		"MainColor" : {
			"R" : 255,
			"G" : 215,
			"B" : 176
		},
		"ShadowColor" : {
			"R" : 240,
			"G" : 177,
			"B" : 124
		},
		"TranslationKey" : "color.snr.lightOrange",
		"Category" : "snr"
	},
	{
		"MainColor" : {
			"R" : 248,
			"G" : 181,
			"B" : 0
		},
		"ShadowColor" : {
			"R" : 255,
			"G" : 102,
			"B" : 0
		},
		"TranslationKey" : "color.snr.brightYellow",
		"Category" : "snr"
	},
	{
		"MainColor" : {
			"R" : 255,
			"G" : 202,
			"B" : 25
		},
		"ShadowColor" : {
			"R" : 219,
			"G" : 68,
			"B" : 66
		},
		"TranslationKey" : "color.snr.sunrise",
		"Category" : "snr"
	},
	{
		"MainColor" : {
			"R" : 255,
			"G" : 216,
			"B" : 70
		},
		"ShadowColor" : {
			"R" : 226,
			"G" : 168,
			"B" : 13
		},
		"TranslationKey" : "color.snr.gold",
		"Category" : "snr"
	},
	{
		"MainColor" : {
			"R" : 255,
			"G" : 202,
			"B" : 25
		},
		"ShadowColor" : {
			"R" : 219,
			"G" : 68,
			"B" : 66
		},
		"TranslationKey" : "color.snr.pitchYellow",
		"Category" : "snr"
	},
	{
		"MainColor" : {
			"R" : 255,
			"G" : 156,
			"B" : 59
		},
		"ShadowColor" : {
			"R" : 163,
			"G" : 71,
			"B" : 255
		},
		"TranslationKey" : "color.snr.halloweenOrange",
		"Category" : "snr"
	},
	{
		"MainColor" : {
			"R" : 226,
			"G" : 255,
			"B" : 120
		},
		"ShadowColor" : {
			"R" : 127,
			"G" : 208,
			"B" : 48
		},
		"TranslationKey" : "color.snr.lightGreen",
		"Category" : "snr"
	},
	{
		"MainColor" : {
			"R" : 219,
			"G" : 253,
			"B" : 47
		},
		"ShadowColor" : {
			"R" : 116,
			"G" : 229,
			"B" : 16
		},
		"TranslationKey" : "color.snr.lemon",
		"Category" : "snr"
	},
	{
		"MainColor" : {
			"R" : 187,
			"G" : 255,
			"B" : 250
		},
		"ShadowColor" : {
			"R" : 127,
			"G" : 208,
			"B" : 48
		},
		"TranslationKey" : "color.snr.sprout",
		"Category" : "snr"
	},
	{
		"MainColor" : {
			"R" : 0,
			"G" : 255,
			"B" : 0
		},
		"ShadowColor" : {
			"R" : 0,
			"G" : 187,
			"B" : 0
		},
		"TranslationKey" : "color.snr.pitchGreen",
		"Category" : "snr"
	},
	{
		"MainColor" : {
			"R" : 98,
			"G" : 214,
			"B" : 133
		},
		"ShadowColor" : {
			"R" : 82,
			"G" : 179,
			"B" : 111
		},
		"TranslationKey" : "color.snr.emerald",
		"Category" : "snr"
	},
	{
		"MainColor" : {
			"R" : 245,
			"G" : 255,
			"B" : 250
		},
		"ShadowColor" : {
			"R" : 182,
			"G" : 241,
			"B" : 210
		},
		"TranslationKey" : "color.snr.mintcream",
		"Category" : "snr"
	},
	{
		"MainColor" : {
			"R" : 111,
			"G" : 192,
			"B" : 156
		},
		"ShadowColor" : {
			"R" : 65,
			"G" : 148,
			"B" : 111
		},
		"TranslationKey" : "color.snr.mint",
		"Category" : "snr"
	},
	{
		"MainColor" : {
			"R" : 11,
			"G" : 254,
			"B" : 148
		},
		"ShadowColor" : {
			"R" : 0,
			"G" : 217,
			"B" : 96
		},
		"TranslationKey" : "color.snr.melon",
		"Category" : "snr"
	},
	{
		"MainColor" : {
			"R" : 176,
			"G" : 255,
			"B" : 255
		},
		"ShadowColor" : {
			"R" : 114,
			"G" : 229,
			"B" : 229
		},
		"TranslationKey" : "color.snr.lightCyan",
		"Category" : "snr"
	},
	{
		"MainColor" : {
			"R" : 37,
			"G" : 184,
			"B" : 191
		},
		"ShadowColor" : {
			"R" : 18,
			"G" : 137,
			"B" : 134
		},
		"TranslationKey" : "color.snr.teal",
		"Category" : "snr"
	},
	{
		"MainColor" : {
			"R" : 229,
			"G" : 249,
			"B" : 255
		},
		"ShadowColor" : {
			"R" : 135,
			"G" : 226,
			"B" : 255
		},
		"TranslationKey" : "color.snr.snow",
		"Category" : "snr"
	},
	{
		"MainColor" : {
			"R" : 89,
			"G" : 210,
			"B" : 255
		},
		"ShadowColor" : {
			"R" : 37,
			"G" : 169,
			"B" : 232
		},
		"TranslationKey" : "color.snr.skyBlue",
		"Category" : "snr"
	},
	{
		"MainColor" : {
			"R" : 168,
			"G" : 223,
			"B" : 255
		},
		"ShadowColor" : {
			"R" : 89,
			"G" : 159,
			"B" : 200
		},
		"TranslationKey" : "color.snr.ice",
		"Category" : "snr"
	},
	{
		"MainColor" : {
			"R" : 14,
			"G" : 104,
			"B" : 188
		},
		"ShadowColor" : {
			"R" : 11,
			"G" : 85,
			"B" : 153
		},
		"TranslationKey" : "color.snr.darkAqua",
		"Category" : "snr"
	},
	{
		"MainColor" : {
			"R" : 0,
			"G" : 128,
			"B" : 255
		},
		"ShadowColor" : {
			"R" : 0,
			"G" : 85,
			"B" : 255
		},
		"TranslationKey" : "color.snr.darkSky",
		"Category" : "snr"
	},
	{
		"MainColor" : {
			"R" : 83,
			"G" : 136,
			"B" : 255
		},
		"ShadowColor" : {
			"R" : 76,
			"G" : 122,
			"B" : 230
		},
		"TranslationKey" : "color.snr.intenseBlue",
		"Category" : "snr"
	},
	{
		"MainColor" : {
			"R" : 0,
			"G" : 0,
			"B" : 255
		},
		"ShadowColor" : {
			"R" : 0,
			"G" : 0,
			"B" : 172
		},
		"TranslationKey" : "color.snr.pitchBlue",
		"Category" : "snr"
	},
	{
		"MainColor" : {
			"R" : 173,
			"G" : 126,
			"B" : 201
		},
		"ShadowColor" : {
			"R" : 131,
			"G" : 58,
			"B" : 203
		},
		"TranslationKey" : "color.snr.lavender",
		"Category" : "snr"
	},
	{
		"MainColor" : {
			"R" : 255,
			"G" : 199,
			"B" : 255
		},
		"ShadowColor" : {
			"R" : 243,
			"G" : 151,
			"B" : 243
		},
		"TranslationKey" : "color.snr.lightMagenta",
		"Category" : "snr"
	},
	{
		"MainColor" : {
			"R" : 255,
			"G" : 51,
			"B" : 102
		},
		"ShadowColor" : {
			"R" : 232,
			"G" : 0,
			"B" : 58
		},
		"TranslationKey" : "color.snr.hotPink",
		"Category" : "snr"
	},
	{
		"MainColor" : {
			"R" : 255,
			"G" : 163,
			"B" : 186
		},
		"ShadowColor" : {
			"R" : 255,
			"G" : 129,
			"B" : 157
		},
		"TranslationKey" : "color.snr.peachFlower",
		"Category" : "snr"
	},
	{
		"MainColor" : {
			"R" : 255,
			"G" : 230,
			"B" : 236
		},
		"ShadowColor" : {
			"R" : 255,
			"G" : 178,
			"B" : 195
		},
		"TranslationKey" : "color.snr.plum",
		"Category" : "snr"
	},
	{
		"MainColor" : {
			"R" : 239,
			"G" : 191,
			"B" : 192
		},
		"ShadowColor" : {
			"R" : 182,
			"G" : 119,
			"B" : 114
		},
		"TranslationKey" : "color.snr.salmon",
		"Category" : "snr"
	},
	{
		"MainColor" : {
			"R" : 0,
			"G" : 0,
			"B" : 0
		},
		"ShadowColor" : {
			"R" : 0,
			"G" : 0,
			"B" : 0
		},
		"TranslationKey" : "color.snr.pitchBlack",
		"Category" : "snr"
	},
	{
		"MainColor" : {
			"R" : 142,
			"G" : 7,
			"B" : 7
		},
		"ShadowColor" : {
			"R" : 109,
			"G" : 0,
			"B" : 0
		},
		"TranslationKey" : "color.snr.wineRed",
		"Category" : "snr"
	},
	{
		"MainColor" : {
			"R" : 150,
			"G" : 81,
			"B" : 77
		},
		"ShadowColor" : {
			"R" : 115,
			"G" : 40,
			"B" : 35
		},
		"TranslationKey" : "color.snr.azuki",
		"Category" : "snr"
	},
	{
		"MainColor" : {
			"R" : 166,
			"G" : 20,
			"B" : 0
		},
		"ShadowColor" : {
			"R" : 13,
			"G" : 45,
			"B" : 188
		},
		"TranslationKey" : "color.snr.crazyRed",
		"Category" : "snr"
	},
	{
		"MainColor" : {
			"R" : 160,
			"G" : 101,
			"B" : 56
		},
		"ShadowColor" : {
			"R" : 115,
			"G" : 15,
			"B" : 78
		},
		"TranslationKey" : "color.snr.nougat",
		"Category" : "snr"
	},
	{
		"MainColor" : {
			"R" : 100,
			"G" : 48,
			"B" : 0
		},
		"ShadowColor" : {
			"R" : 98,
			"G" : 5,
			"B" : 0
		},
		"TranslationKey" : "color.snr.azi",
		"Category" : "snr"
	},
	{
		"MainColor" : {
			"R" : 154,
			"G" : 140,
			"B" : 61
		},
		"ShadowColor" : {
			"R" : 104,
			"G" : 95,
			"B" : 40
		},
		"TranslationKey" : "color.snr.olive",
		"Category" : "snr"
	},
	{
		"MainColor" : {
			"R" : 112,
			"G" : 143,
			"B" : 46
		},
		"ShadowColor" : {
			"R" : 72,
			"G" : 92,
			"B" : 29
		},
		"TranslationKey" : "color.snr.wasabi",
		"Category" : "snr"
	},
	{
		"MainColor" : {
			"R" : 62,
			"G" : 90,
			"B" : 11
		},
		"ShadowColor" : {
			"R" : 34,
			"G" : 50,
			"B" : 6
		},
		"TranslationKey" : "color.snr.leaf",
		"Category" : "snr"
	},
	{
		"MainColor" : {
			"R" : 52,
			"G" : 99,
			"B" : 23
		},
		"ShadowColor" : {
			"R" : 34,
			"G" : 54,
			"B" : 19
		},
		"TranslationKey" : "color.snr.matcha",
		"Category" : "snr"
	},
	{
		"MainColor" : {
			"R" : 36,
			"G" : 151,
			"B" : 26
		},
		"ShadowColor" : {
			"R" : 183,
			"G" : 34,
			"B" : 34
		},
		"TranslationKey" : "color.snr.xmasGreen",
		"Category" : "snr"
	},
	{
		"MainColor" : {
			"R" : 0,
			"G" : 123,
			"B" : 67
		},
		"ShadowColor" : {
			"R" : 0,
			"G" : 84,
			"B" : 83
		},
		"TranslationKey" : "color.snr.tokiwaGreen",
		"Category" : "snr"
	},
	{
		"MainColor" : {
			"R" : 0,
			"G" : 99,
			"B" : 105
		},
		"ShadowColor" : {
			"R" : 0,
			"G" : 61,
			"B" : 54
		},
		"TranslationKey" : "color.snr.petrol",
		"Category" : "snr"
	},
	{
		"MainColor" : {
			"R" : 128,
			"G" : 156,
			"B" : 166
		},
		"ShadowColor" : {
			"R" : 115,
			"G" : 141,
			"B" : 153
		},
		"TranslationKey" : "color.snr.sunkenGreenishBlue",
		"Category" : "snr"
	},
	{
		"MainColor" : {
			"R" : 22,
			"G" : 132,
			"B" : 176
		},
		"ShadowColor" : {
			"R" : 15,
			"G" : 89,
			"B" : 117
		},
		"TranslationKey" : "color.snr.turqoise",
		"Category" : "snr"
	},
	{
		"MainColor" : {
			"R" : 2,
			"G" : 38,
			"B" : 106
		},
		"ShadowColor" : {
			"R" : 64,
			"G" : 0,
			"B" : 111
		},
		"TranslationKey" : "color.snr.crashBlue",
		"Category" : "snr"
	},
	{
		"MainColor" : {
			"R" : 0,
			"G" : 0,
			"B" : 50
		},
		"ShadowColor" : {
			"R" : 0,
			"G" : 0,
			"B" : 25
		},
		"TranslationKey" : "color.snr.darkBlue",
		"Category" : "snr"
	},
	{
		"MainColor" : {
			"R" : 89,
			"G" : 60,
			"B" : 214
		},
		"ShadowColor" : {
			"R" : 41,
			"G" : 23,
			"B" : 150
		},
		"TranslationKey" : "color.snr.blurple",
		"Category" : "snr"
	},
	{
		"MainColor" : {
			"R" : 109,
			"G" : 83,
			"B" : 131
		},
		"ShadowColor" : {
			"R" : 82,
			"G" : 54,
			"B" : 105
		},
		"TranslationKey" : "color.snr.mildPurple",
		"Category" : "snr"
	},
	{
		"MainColor" : {
			"R" : 139,
			"G" : 0,
			"B" : 139
		},
		"ShadowColor" : {
			"R" : 153,
			"G" : 50,
			"B" : 204
		},
		"TranslationKey" : "color.snr.darkMagenta",
		"Category" : "snr"
	},
	{
		"MainColor" : {
			"R" : 139,
			"G" : 102,
			"B" : 118
		},
		"ShadowColor" : {
			"R" : 114,
			"G" : 74,
			"B" : 91
		},
		"TranslationKey" : "color.snr.ashishReddishPurpleColor",
		"Category" : "snr"
	},
	{
		"MainColor" : {
			"R" : 109,
			"G" : 7,
			"B" : 26
		},
		"ShadowColor" : {
			"R" : 54,
			"G" : 2,
			"B" : 11
		},
		"TranslationKey" : "color.snr.bordeaux",
		"Category" : "snr"
	},
	{
		"MainColor" : {
			"R" : 0,
			"G" : 0,
			"B" : 0
		},
		"ShadowColor" : {
			"R" : 255,
			"G" : 255,
			"B" : 255
		},
		"TranslationKey" : "color.snr.nega",
		"Category" : "snr"
	},
	{
		"MainColor" : {
			"R" : 255,
			"G" : 255,
			"B" : 255
		},
		"ShadowColor" : {
			"R" : 0,
			"G" : 0,
			"B" : 0
		},
		"TranslationKey" : "color.snr.posi",
		"Category" : "snr"
	},
	{
		"MainColor" : {
			"R" : 0,
			"G" : 0,
			"B" : 0
		},
		"ShadowColor" : {
			"R" : 255,
			"G" : 0,
			"B" : 0
		},
		"TranslationKey" : "color.snr.cyberRed",
		"Category" : "snr"
	},
	{
		"MainColor" : {
			"R" : 0,
			"G" : 0,
			"B" : 0
		},
		"ShadowColor" : {
			"R" : 255,
			"G" : 255,
			"B" : 0
		},
		"TranslationKey" : "color.snr.cyberYellow",
		"Category" : "snr"
	},
	{
		"MainColor" : {
			"R" : 0,
			"G" : 0,
			"B" : 0
		},
		"ShadowColor" : {
			"R" : 0,
			"G" : 255,
			"B" : 127
		},
		"TranslationKey" : "color.snr.cyberGreen",
		"Category" : "snr"
	},
	{
		"MainColor" : {
			"R" : 0,
			"G" : 0,
			"B" : 0
		},
		"ShadowColor" : {
			"R" : 0,
			"G" : 169,
			"B" : 255
		},
		"TranslationKey" : "color.snr.cyberBlue",
		"Category" : "snr"
	},
	{
		"MainColor" : {
			"R" : 0,
			"G" : 0,
			"B" : 0
		},
		"ShadowColor" : {
			"R" : 207,
			"G" : 15,
			"B" : 216
		},
		"TranslationKey" : "color.snr.cyberPurple",
		"Category" : "snr"
	}
]